,contestId,index,rating,tags
0,1754,D,1600,['math']
3,1754,C2,1500,"['constructive algorithms', 'implementation']"
4,1754,C1,1300,['constructive algorithms']
5,1754,B,800,"['constructive algorithms', 'greedy', 'math']"
6,1754,A,800,['greedy']
7,1749,D,1900,"['combinatorics', 'dp', 'math', 'number theory']"
8,1749,C,1400,"['binary search', 'data structures', 'games', 'greedy', 'implementation']"
9,1749,B,900,['greedy']
10,1749,A,800,"['greedy', 'implementation']"
13,1746,C,1300,"['constructive algorithms', 'greedy', 'implementation', 'math']"
15,1746,B,800,"['constructive algorithms', 'greedy', 'two pointers']"
16,1746,A,800,"['constructive algorithms', 'greedy']"
17,1742,F,1500,"['constructive algorithms', 'greedy', 'strings']"
18,1742,E,1200,"['binary search', 'greedy', 'math']"
20,1742,C,900,['implementation']
21,1742,D,1100,"['brute force', 'greedy', 'number theory']"
23,1742,B,800,"['greedy', 'implementation', 'sortings']"
24,1742,A,800,['implementation']
25,1741,E,1600,['dp']
29,1741,D,1300,"['dfs and similar', 'divide and conquer', 'graphs', 'sortings', 'trees']"
30,1741,C,1100,"['brute force', 'greedy', 'math', 'two pointers']"
31,1741,B,800,"['constructive algorithms', 'math']"
32,1741,A,800,"['implementation', 'implementation', 'strings']"
33,1739,B,1100,"['constructive algorithms', 'greedy', 'math']"
34,1739,A,800,['implementation']
36,1730,C,1200,"['data structures', 'greedy', 'math', 'sortings']"
37,1730,B,1600,"['binary search', 'geometry', 'greedy', 'implementation', 'math', 'ternary search']"
39,1730,A,800,"['data structures', 'greedy', 'sortings']"
40,1734,C,1200,"['greedy', 'math']"
43,1734,B,800,['constructive algorithms']
44,1734,A,800,"['brute force', 'greedy', 'sortings']"
45,466,C,1700,"['binary search', 'brute force', 'data structures', 'dp', 'two pointers']"
46,271,D,1800,"['data structures', 'strings']"
48,369,C,1600,"['dfs and similar', 'graphs', 'trees']"
50,1733,B,900,"['constructive algorithms', 'math']"
52,1733,A,800,"['greedy', 'sortings']"
53,349,B,1700,"['data structures', 'dp', 'greedy', 'implementation']"
55,282,C,1500,"['constructive algorithms', 'implementation', 'math']"
56,246,D,1600,"['brute force', 'dfs and similar', 'graphs']"
61,455,A,1500,['dp']
62,1729,E,1800,"['interactive', 'probabilities']"
63,363,B,1100,"['brute force', 'dp']"
64,214,B,1600,"['brute force', 'constructive algorithms', 'greedy', 'math']"
69,1305,C,1600,"['brute force', 'combinatorics', 'math', 'number theory']"
70,277,A,1400,"['dfs and similar', 'dsu']"
73,1722,E,1600,"['brute force', 'data structures', 'dp', 'implementation']"
74,1714,G,1700,"['binary search', 'data structures', 'dfs and similar', 'trees']"
75,1719,C,1400,"['binary search', 'data structures', 'implementation', 'two pointers']"
76,1711,A,800,['constructive algorithms']
77,1709,C,1800,"['constructive algorithms', 'greedy', 'implementation', 'strings']"
78,1705,C,1400,"['brute force', 'implementation']"
79,1709,B,900,"['data structures', 'dp', 'implementation']"
80,1709,A,800,"['brute force', 'greedy', 'implementation', 'math']"
81,1706,C,1400,"['dp', 'flows', 'greedy', 'implementation']"
82,1706,B,1100,"['dp', 'greedy', 'math']"
83,1706,A,800,"['2-sat', 'constructive algorithms', 'greedy', 'string suffix structures', 'strings']"
84,1708,C,1600,"['binary search', 'greedy']"
85,1647,A,800,"['implementation', 'math']"
86,1647,B,1200,"['brute force', 'constructive algorithms', 'graphs', 'implementation']"
87,1647,C,1300,"['constructive algorithms', 'greedy']"
88,1703,G,1600,"['bitmasks', 'brute force', 'dp', 'greedy', 'math']"
89,1701,C,1400,"['binary search', 'greedy', 'implementation', 'two pointers']"
90,1703,F,1300,"['binary search', 'data structures', 'dp', 'greedy', 'sortings']"
91,1703,E,1200,['implementation']
93,1703,D,1100,"['brute force', 'data structures', 'strings']"
94,1703,C,800,"['brute force', 'implementation', 'strings']"
95,1703,B,800,"['data structures', 'implementation']"
96,1703,A,800,"['brute force', 'implementation', 'strings']"
97,1702,E,1600,"['dfs and similar', 'dsu', 'graphs']"
99,1702,D,1000,['greedy']
100,1702,C,1100,"['data structures', 'greedy']"
102,1702,B,800,['greedy']
103,1702,A,800,['constructive algorithms']
104,1699,B,900,"['bitmasks', 'constructive algorithms', 'matrices']"
105,1699,A,800,"['constructive algorithms', 'math']"
106,1689,A,800,"['brute force', 'greedy', 'implementation', 'sortings', 'two pointers']"
107,1687,A,1600,"['brute force', 'greedy']"
108,1690,F,1700,"['graphs', 'math', 'number theory', 'strings']"
109,1690,E,1500,"['binary search', 'greedy', 'math', 'two pointers']"
113,1690,D,1000,"['implementation', 'two pointers']"
115,1690,C,800,"['data structures', 'greedy', 'implementation']"
116,1690,B,800,"['greedy', 'implementation']"
118,1690,A,800,"['constructive algorithms', 'greedy']"
119,192,A,1300,"['binary search', 'brute force', 'implementation']"
121,492,C,1400,"['greedy', 'sortings']"
124,166,C,1500,"['greedy', 'math', 'sortings']"
126,372,A,1600,"['binary search', 'greedy', 'sortings', 'two pointers']"
133,189,A,1300,"['brute force', 'dp']"
138,1691,C,1400,"['brute force', 'constructive algorithms', 'greedy', 'math', 'strings']"
143,1691,B,1000,"['constructive algorithms', 'greedy', 'implementation', 'two pointers']"
145,1691,A,800,"['brute force', 'greedy', 'math']"
146,863,B,1500,"['brute force', 'greedy', 'sortings']"
147,872,B,1200,['implementation']
148,475,D,2000,"['brute force', 'data structures', 'math']"
150,1684,D,1700,"['constructive algorithms', 'greedy', 'sortings']"
151,1682,C,1400,"['constructive algorithms', 'greedy', 'implementation', 'math']"
155,1679,C,1400,"['data structures', 'implementation']"
157,1679,B,1200,"['data structures', 'implementation']"
159,1679,A,900,"['brute force', 'greedy', 'math', 'number theory']"
161,1676,H1,1400,['brute force']
162,1676,G,1300,"['dfs and similar', 'dp', 'graphs', 'trees']"
163,1676,F,1300,"['data structures', 'greedy', 'implementation', 'sortings', 'two pointers']"
165,1676,E,1100,"['binary search', 'greedy', 'sortings']"
167,1676,D,1000,"['brute force', 'greedy', 'implementation']"
168,1676,C,800,"['brute force', 'greedy', 'implementation', 'implementation', 'math', 'strings']"
169,1676,B,800,"['greedy', 'math', 'sortings']"
170,1676,A,800,['implementation']
171,1675,C,1100,['implementation']
173,1675,B,900,"['greedy', 'implementation']"
174,1675,A,800,"['greedy', 'math']"
175,1674,E,2000,"['binary search', 'brute force', 'constructive algorithms', 'greedy', 'math']"
176,1674,D,1200,"['constructive algorithms', 'implementation', 'sortings']"
177,1674,C,1000,"['combinatorics', 'implementation', 'strings']"
178,1674,B,800,"['combinatorics', 'math']"
179,1674,A,800,"['constructive algorithms', 'math']"
180,1627,C,1400,"['constructive algorithms', 'dfs and similar', 'number theory', 'trees']"
182,1671,A,800,['implementation']
183,1671,B,1000,"['brute force', 'math', 'sortings']"
184,1671,C,1200,"['binary search', 'brute force', 'greedy', 'math']"
185,1672,F1,2000,"['constructive algorithms', 'graphs', 'greedy']"
186,1672,C,1100,"['constructive algorithms', 'greedy', 'implementation']"
188,1672,B,800,"['constructive algorithms', 'implementation']"
192,1672,A,800,"['games', 'implementation', 'math']"
193,1669,D,1100,['implementation']
194,1669,H,1300,"['bitmasks', 'greedy', 'math']"
196,1669,G,1200,"['dfs and similar', 'implementation']"
197,1669,F,1100,"['binary search', 'data structures', 'greedy', 'two pointers']"
198,1669,E,1200,"['data structures', 'math', 'strings']"
200,1669,C,800,"['greedy', 'greedy', 'implementation', 'math']"
201,1669,B,800,"['implementation', 'sortings']"
202,1669,A,800,['implementation']
203,1352,C,1200,"['binary search', 'math']"
204,1352,D,1300,['implementation']
205,1352,E,1500,"['brute force', 'implementation', 'two pointers']"
208,1668,C,1300,"['brute force', 'greedy', 'math']"
210,1668,B,900,"['greedy', 'math', 'sortings']"
211,1668,A,800,"['implementation', 'math']"
212,1649,C,1400,"['brute force', 'implementation', 'math', 'matrices']"
213,1649,B,1300,"['greedy', 'implementation']"
215,1659,C,1500,"['binary search', 'brute force', 'dp', 'greedy', 'implementation', 'math']"
216,1659,B,1300,"['bitmasks', 'constructive algorithms', 'greedy', 'strings']"
217,1659,A,1000,"['constructive algorithms', 'greedy', 'implementation', 'math']"
218,1658,C,1700,"['constructive algorithms', 'math']"
222,1658,A,800,"['constructive algorithms', 'implementation', 'math']"
223,1665,C,1600,"['binary search', 'greedy', 'sortings', 'trees']"
228,1661,D,1900,"['data structures', 'greedy']"
229,1661,C,1700,"['binary search', 'greedy', 'math']"
231,1666,D,900,['greedy']
233,1658,B,800,"['combinatorics', 'math', 'number theory']"
234,1661,B,1300,"['bitmasks', 'brute force', 'dfs and similar', 'dp', 'graphs', 'greedy', 'shortest paths']"
242,1661,A,800,"['greedy', 'math']"
247,1665,B,900,"['constructive algorithms', 'greedy', 'sortings']"
248,1665,A,800,"['constructive algorithms', 'math']"
249,1658,D1,1600,"['bitmasks', 'math']"
250,1660,F1,1700,"['brute force', 'implementation', 'math', 'strings']"
253,1660,B,800,['math']
254,1660,C,1300,"['dp', 'greedy', 'strings']"
257,1663,B,,"['*special', 'divide and conquer', 'implementation', 'math']"
259,1663,C,,"['*special', 'implementation', 'math']"
265,1663,A,,"['*special', 'expression parsing', 'trees']"
266,1623,C,1600,"['binary search', 'greedy']"
267,1656,B,1100,"['data structures', 'greedy', 'math', 'two pointers']"
269,1656,C,1200,"['constructive algorithms', 'math', 'number theory', 'sortings']"
273,1656,A,800,"['math', 'sortings']"
274,1646,C,1500,"['bitmasks', 'brute force', 'constructive algorithms', 'dp', 'math']"
276,1657,A,800,"['brute force', 'math']"
277,1657,B,800,['greedy']
278,1648,A,1400,"['combinatorics', 'data structures', 'geometry', 'math', 'matrices', 'sortings']"
279,1633,D,1600,"['dp', 'greedy']"
282,1657,C,1200,"['greedy', 'implementation']"
283,1654,C,1400,"['data structures', 'greedy', 'implementation', 'sortings']"
287,939,D,1600,"['dfs and similar', 'dsu', 'graphs', 'greedy', 'strings']"
288,722,C,1600,"['data structures', 'dsu']"
289,1139,A,800,"['implementation', 'strings']"
290,1263,D,1500,"['dfs and similar', 'dsu', 'graphs']"
293,1263,C,1400,"['binary search', 'math', 'meet-in-the-middle', 'number theory']"
295,1263,B,1400,"['greedy', 'implementation']"
296,1642,B,900,['greedy']
298,1642,C,1200,"['greedy', 'sortings']"
299,1638,C,1300,"['data structures', 'dsu', 'graphs', 'math']"
303,1638,B,1100,"['data structures', 'math', 'sortings']"
304,1638,A,800,"['constructive algorithms', 'greedy', 'math']"
305,1637,C,1200,"['greedy', 'implementation']"
306,1637,B,1100,"['brute force', 'dp', 'greedy', 'math']"
307,1637,A,800,"['brute force', 'sortings']"
309,1639,F,,"['graphs', 'interactive']"
310,1639,E,,"['graphs', 'interactive']"
311,1639,J,,"['graphs', 'interactive']"
313,1639,C,,"['graphs', 'interactive']"
314,1639,G,,"['graphs', 'interactive']"
316,1639,K,,"['graphs', 'interactive']"
324,1639,B,,"['graphs', 'interactive']"
328,1639,A,,"['graphs', 'interactive']"
337,1639,D,,"['graphs', 'interactive']"
348,1639,I,,"['graphs', 'interactive']"
355,1639,H,,"['graphs', 'interactive']"
370,1632,C,1600,"['binary search', 'bitmasks', 'brute force', 'dp', 'math']"
371,1633,C,1100,"['brute force', 'math']"
373,1633,B,800,['greedy']
374,1633,A,800,['brute force']
380,1632,B,1000,"['bitmasks', 'constructive algorithms']"
382,1632,A,800,['implementation']
383,1629,D,1700,"['greedy', 'strings']"
386,1629,B,800,"['greedy', 'math', 'number theory']"
387,1629,A,800,"['brute force', 'greedy', 'sortings']"
388,1621,A,800,['constructive algorithms']
389,1616,B,1100,"['greedy', 'strings']"
395,1616,A,800,['implementation']
399,1623,B,1100,"['brute force', 'dfs and similar', 'implementation', 'sortings']"
401,1623,A,800,"['brute force', 'implementation', 'math']"
402,1622,C,1600,"['binary search', 'brute force', 'greedy', 'sortings']"
403,1622,B,1000,"['data structures', 'greedy', 'math', 'sortings']"
404,1622,A,800,"['geometry', 'math']"
406,1615,B,1300,"['bitmasks', 'greedy', 'math']"
407,1615,C,1600,"['brute force', 'graphs', 'greedy', 'math']"
408,1615,A,800,"['greedy', 'math']"
410,1593,E,1600,"['brute force', 'data structures', 'dfs and similar', 'greedy', 'implementation', 'trees']"
411,1620,E,1900,"['constructive algorithms', 'data structures', 'dsu', 'implementation']"
412,1311,C,1300,['brute force']
413,1619,C,1200,['implementation']
419,1619,B,800,"['implementation', 'math']"
420,1619,A,800,"['implementation', 'strings']"
421,1433,D,1200,"['constructive algorithms', 'dfs and similar']"
422,1620,C,1800,"['brute force', 'dp', 'greedy', 'implementation', 'math']"
424,1620,B,1000,"['geometry', 'greedy', 'math']"
425,1620,A,800,"['constructive algorithms', 'dsu', 'implementation']"
428,1197,C,1400,"['greedy', 'sortings']"
429,1617,C,1300,"['binary search', 'greedy', 'math', 'sortings']"
432,1617,A,800,"['constructive algorithms', 'greedy', 'sortings', 'strings']"
434,1617,B,900,"['brute force', 'constructive algorithms', 'math', 'number theory']"
435,1608,B,1200,"['constructive algorithms', 'greedy']"
436,977,C,1200,['sortings']
438,1130,C,1400,"['brute force', 'dfs and similar', 'dsu']"
439,1618,E,1700,"['constructive algorithms', 'math']"
442,1618,D,1300,"['dp', 'greedy', 'math']"
444,1618,C,1100,['math']
445,1618,B,800,['implementation']
446,1618,A,800,"['math', 'sortings']"
447,1608,A,800,"['constructive algorithms', 'math']"
448,1517,C,1400,"['constructive algorithms', 'dfs and similar', 'greedy', 'implementation']"
450,1167,C,1400,"['dfs and similar', 'dsu', 'graphs']"
452,1591,C,1300,"['greedy', 'math']"
453,1591,B,900,['greedy']
454,1591,A,800,['implementation']
455,1143,B,1200,"['brute force', 'math', 'number theory']"
457,1143,C,1400,"['dfs and similar', 'trees']"
461,1605,B,1000,"['greedy', 'sortings']"
462,1408,B,1400,"['constructive algorithms', 'greedy', 'math']"
464,1520,E,1400,"['greedy', 'math']"
465,1606,C,1400,"['greedy', 'number theory']"
466,1506,D,1400,"['constructive algorithms', 'data structures', 'greedy']"
467,1515,C,1400,"['constructive algorithms', 'data structures', 'greedy']"
468,1519,C,1400,"['brute force', 'data structures', 'greedy', 'number theory', 'sortings']"
469,1547,D,1300,"['bitmasks', 'constructive algorithms', 'greedy']"
470,322,B,1600,"['combinatorics', 'math']"
471,1474,B,1000,"['binary search', 'constructive algorithms', 'greedy', 'math', 'number theory']"
473,236,B,1300,"['implementation', 'number theory']"
474,1108,B,1100,"['brute force', 'greedy', 'math', 'number theory']"
475,1598,C,1200,"['data structures', 'dp', 'implementation', 'math', 'two pointers']"
476,1598,A,800,"['brute force', 'dfs and similar', 'dp', 'implementation']"
477,1569,B,1000,['constructive algorithms']
478,1504,B,1200,"['constructive algorithms', 'greedy', 'implementation', 'math']"
479,1554,B,1700,"['bitmasks', 'brute force', 'greedy', 'math']"
480,1363,B,1400,"['implementation', 'strings']"
481,1494,B,1400,"['bitmasks', 'brute force', 'greedy', 'implementation']"
482,1486,C2,1900,"['binary search', 'interactive']"
483,1204,A,1000,['math']
485,1573,B,1400,"['greedy', 'math', 'sortings']"
487,1613,A,900,"['implementation', 'math']"
488,1612,D,1600,"['math', 'number theory']"
489,1612,C,1300,"['binary search', 'math']"
490,1486,C1,1600,"['binary search', 'interactive']"
491,1486,B,1500,"['binary search', 'geometry', 'shortest paths', 'sortings']"
492,1490,G,1900,"['binary search', 'data structures', 'math']"
494,1613,C,1200,['binary search']
495,1613,B,1000,"['greedy', 'implementation', 'sortings']"
499,1490,F,1500,"['binary search', 'data structures', 'greedy', 'math', 'sortings']"
500,1485,B,1200,"['dp', 'implementation', 'math']"
501,1480,C,1700,"['binary search', 'interactive', 'math', 'ternary search']"
502,1481,C,1600,"['brute force', 'constructive algorithms', 'greedy']"
503,1579,D,1400,"['constructive algorithms', 'graphs', 'greedy']"
504,1609,C,1400,"['binary search', 'dp', 'implementation', 'number theory', 'schedules', 'two pointers']"
505,1609,B,1100,"['implementation', 'strings']"
506,1609,A,900,"['greedy', 'implementation', 'math', 'number theory']"
507,1490,D,1200,"['dfs and similar', 'divide and conquer', 'implementation']"
508,1490,E,1400,"['binary search', 'data structures', 'greedy']"
510,1350,B,1400,"['dp', 'math', 'number theory']"
511,1332,B,1400,"['brute force', 'constructive algorithms', 'greedy', 'math', 'number theory']"
512,1462,D,1400,"['greedy', 'math', 'number theory']"
513,1614,B,1000,"['constructive algorithms', 'sortings']"
514,1614,A,800,"['brute force', 'constructive algorithms', 'greedy']"
515,1598,B,1000,"['brute force', 'implementation']"
516,1611,D,1500,"['constructive algorithms', 'trees']"
522,1611,C,1000,['constructive algorithms']
524,1611,B,800,"['binary search', 'constructive algorithms', 'math']"
525,1611,A,800,"['constructive algorithms', 'math']"
526,1551,A,800,"['greedy', 'math']"
527,1607,E,1600,['implementation']
528,1605,A,800,"['math', 'number theory']"
529,1584,C,900,"['greedy', 'math', 'sortings']"
530,1593,C,1000,"['binary search', 'greedy', 'greedy']"
531,1610,A,900,['math']
532,1606,A,900,['strings']
533,1606,B,1100,"['greedy', 'implementation', 'math']"
534,1605,C,1400,"['brute force', 'greedy', 'implementation', 'strings']"
538,1612,B,900,"['constructive algorithms', 'greedy']"
539,1612,A,800,"['brute force', 'constructive algorithms']"
540,1589,B,1000,['greedy']
541,1589,A,800,['math']
542,1607,D,1300,"['greedy', 'math', 'sortings']"
543,1607,C,1000,"['brute force', 'sortings']"
545,1607,B,900,['math']
546,1607,A,800,"['implementation', 'strings']"
547,1110,A,900,['math']
548,1586,B,1200,"['brute force', 'constructive algorithms', 'trees']"
551,1586,A,800,"['brute force', 'constructive algorithms', 'greedy', 'math', 'number theory']"
552,1593,D1,1100,"['math', 'number theory']"
555,1593,B,900,"['dfs and similar', 'dp', 'greedy', 'math', 'math']"
557,1593,A,800,['math']
563,1592,B,1200,"['constructive algorithms', 'dsu', 'math', 'sortings']"
565,1592,A,800,"['binary search', 'greedy', 'math', 'sortings']"
568,1578,E,1200,"['implementation', 'math']"
571,1579,B,1100,"['implementation', 'sortings']"
573,1579,E1,1000,"['constructive algorithms', 'greedy', 'math']"
575,1579,A,800,"['math', 'strings']"
576,1566,B,800,"['bitmasks', 'constructive algorithms', 'dp', 'greedy']"
578,1566,A,800,"['binary search', 'greedy', 'math']"
579,1566,C,1000,"['bitmasks', 'constructive algorithms', 'dp', 'greedy']"
582,1573,A,800,['greedy']
583,1559,A,900,"['bitmasks', 'constructive algorithms', 'math']"
589,1569,A,800,['implementation']
590,1550,B,1000,"['greedy', 'math']"
592,1567,B,1000,"['bitmasks', 'greedy']"
594,1567,A,800,"['implementation', 'strings']"
595,1167,B,1400,"['brute force', 'divide and conquer', 'interactive', 'math']"
596,1562,B,1000,"['brute force', 'constructive algorithms', 'implementation', 'math', 'number theory']"
599,1562,A,800,"['greedy', 'math']"
600,1561,C,1300,"['binary search', 'greedy', 'sortings']"
603,1561,B,1300,"['brute force', 'math']"
607,1561,A,800,"['brute force', 'implementation', 'sortings']"
608,1557,B,1100,"['greedy', 'sortings']"
610,1557,A,800,"['brute force', 'math', 'sortings']"
611,1555,B,1300,['brute force']
615,1555,A,900,"['brute force', 'math']"
618,888,C,1400,"['binary search', 'implementation', 'two pointers']"
621,1554,A,800,['greedy']
624,1550,A,800,"['greedy', 'math']"
625,102767,B,,[]
626,102767,A,,[]
627,1370,C,1400,"['games', 'math', 'number theory']"
630,230,B,1300,"['binary search', 'implementation', 'math', 'number theory']"
633,1546,B,1200,"['interactive', 'math']"
634,1546,C,1500,['sortings']
635,1546,A,800,"['brute force', 'greedy']"
638,1547,C,1100,"['greedy', 'two pointers']"
639,1547,B,800,"['greedy', 'implementation', 'strings']"
640,1547,A,800,"['implementation', 'math']"
641,1430,B,800,"['greedy', 'implementation', 'sortings']"
642,1430,C,1000,"['constructive algorithms', 'data structures', 'greedy', 'implementation', 'math']"
643,732,C,1200,"['binary search', 'constructive algorithms', 'greedy', 'implementation', 'math']"
644,732,B,1000,"['dp', 'greedy']"
645,1543,A,900,"['greedy', 'math', 'number theory']"
646,1543,B,900,"['combinatorics', 'greedy', 'math']"
648,1542,A,800,['math']
649,1539,B,800,"['dp', 'implementation', 'strings']"
650,1521,B,1300,"['constructive algorithms', 'math', 'number theory']"
653,1541,A,800,"['constructive algorithms', 'greedy', 'implementation']"
654,1537,E1,1600,"['binary search', 'brute force', 'dp', 'greedy', 'hashing', 'implementation', 'string suffix structures', 'strings', 'two pointers']"
655,1537,C,1200,"['constructive algorithms', 'greedy', 'implementation', 'math']"
656,1537,B,900,"['constructive algorithms', 'greedy', 'math']"
658,1537,A,800,"['greedy', 'math']"
659,1146,B,1100,"['implementation', 'strings']"
661,1132,A,1100,"['greedy', 'implementation']"
662,1350,A,900,['math']
663,1038,B,1100,"['constructive algorithms', 'math']"
664,1326,B,900,"['implementation', 'math']"
666,1042,A,1100,"['binary search', 'implementation']"
667,1060,B,1100,['greedy']
669,981,A,900,"['brute force', 'implementation', 'strings']"
670,975,A,900,"['implementation', 'strings']"
671,961,A,900,['implementation']
673,1407,A,1100,"['constructive algorithms', 'math']"
675,938,B,1100,"['brute force', 'greedy']"
676,911,A,1100,['implementation']
678,883,M,1100,"['greedy', 'math']"
679,869,A,1100,"['brute force', 'implementation']"
680,1538,C,1300,"['binary search', 'data structures', 'math', 'two pointers']"
681,1538,B,800,"['greedy', 'math']"
682,1538,A,800,"['brute force', 'dp', 'greedy']"
683,978,B,800,"['greedy', 'strings']"
685,978,A,800,['implementation']
686,1144,A,800,"['implementation', 'strings']"
687,1144,B,900,"['greedy', 'implementation', 'sortings']"
688,1144,C,1000,"['constructive algorithms', 'sortings']"
689,1136,B,1000,"['constructive algorithms', 'math']"
690,1288,B,1100,['math']
691,898,B,1100,"['brute force', 'implementation', 'number theory']"
694,884,B,1100,['implementation']
695,1113,A,900,"['dp', 'greedy', 'math']"
697,349,A,1100,"['greedy', 'implementation']"
699,479,A,1000,"['brute force', 'math']"
701,190,A,1100,"['greedy', 'math']"
703,1536,B,1200,"['brute force', 'constructive algorithms', 'strings']"
704,1536,A,800,"['brute force', 'constructive algorithms']"
705,919,B,1100,"['binary search', 'brute force', 'dp', 'implementation', 'number theory']"
706,902,A,1100,"['greedy', 'implementation']"
708,877,A,1100,"['implementation', 'strings']"
709,842,B,1100,['geometry']
710,610,A,1000,"['combinatorics', 'math']"
711,515,A,1000,['math']
714,1415,B,1100,"['brute force', 'brute force', 'greedy']"
717,1263,A,1100,['math']
718,1535,C,1400,"['binary search', 'dp', 'greedy', 'implementation', 'strings', 'two pointers']"
721,1535,B,900,"['brute force', 'greedy', 'math', 'number theory', 'sortings']"
724,1535,A,800,"['brute force', 'implementation']"
725,979,A,1000,['math']
727,903,C,1200,['greedy']
729,903,B,1200,"['greedy', 'implementation']"
731,903,A,900,"['greedy', 'implementation']"
732,1428,C,1100,"['brute force', 'data structures', 'greedy', 'strings']"
733,845,A,1100,"['implementation', 'sortings']"
734,754,B,1100,"['brute force', 'implementation']"
736,633,A,1100,"['brute force', 'math', 'number theory']"
739,122,A,1000,"['brute force', 'number theory']"
740,122,B,1000,"['brute force', 'implementation']"
741,121,A,1100,['implementation']
742,855,A,800,"['brute force', 'implementation', 'strings']"
743,43,A,1000,['strings']
745,1471,B,1100,"['brute force', 'greedy', 'implementation', 'math']"
746,1175,A,900,"['implementation', 'math']"
747,552,B,1200,"['implementation', 'math']"
748,1072,A,800,"['implementation', 'math']"
749,753,A,1000,"['dp', 'greedy', 'math']"
750,1419,D1,1000,"['binary search', 'constructive algorithms', 'greedy', 'sortings']"
751,1265,A,1000,"['constructive algorithms', 'greedy']"
753,837,A,800,['implementation']
754,1526,C2,1600,"['data structures', 'greedy']"
756,1213,B,1100,"['data structures', 'implementation']"
757,1221,B,1100,"['constructive algorithms', 'greedy']"
761,1526,C1,1500,"['brute force', 'data structures', 'dp', 'greedy']"
764,1526,B,1400,"['dp', 'math', 'number theory']"
769,1526,A,800,"['constructive algorithms', 'sortings']"
771,1304,B,1100,"['brute force', 'constructive algorithms', 'greedy', 'implementation', 'strings']"
773,1324,B,1100,"['brute force', 'strings']"
774,365,A,1100,['implementation']
779,1214,B,1100,"['brute force', 'math']"
781,1167,A,800,"['brute force', 'greedy', 'strings']"
783,1202,A,1100,"['bitmasks', 'greedy']"
784,1303,A,800,"['implementation', 'strings']"
785,869,B,1100,['math']
786,1227,A,1100,['math']
787,841,A,900,"['brute force', 'implementation']"
788,841,B,1100,"['games', 'math']"
789,799,A,1100,"['brute force', 'implementation']"
790,835,B,1100,['greedy']
792,1529,B,1100,"['greedy', 'math', 'sortings']"
799,1529,A,800,"['constructive algorithms', 'greedy', 'math']"
800,463,B,1100,"['brute force', 'implementation', 'math']"
801,369,A,900,"['greedy', 'implementation']"
802,1427,A,900,"['math', 'sortings']"
804,1373,B,900,['games']
805,556,A,900,['greedy']
807,102,B,1000,['implementation']
808,1011,A,900,"['greedy', 'implementation', 'sortings']"
809,1395,A,1000,"['brute force', 'math']"
810,1411,B,1000,"['brute force', 'number theory']"
812,1515,B,1000,"['brute force', 'geometry', 'math', 'number theory']"
813,1093,B,900,"['constructive algorithms', 'greedy', 'sortings', 'strings']"
814,1146,A,800,"['implementation', 'strings']"
815,1525,B,900,"['constructive algorithms', 'greedy']"
818,49,A,800,['implementation']
821,1527,B1,1200,"['constructive algorithms', 'games']"
826,1527,A,800,['bitmasks']
827,1266,A,1000,"['chinese remainder theorem', 'math']"
828,1266,B,1000,"['constructive algorithms', 'math']"
830,1277,A,1000,['implementation']
831,1293,B,1000,"['combinatorics', 'greedy', 'math']"
832,1153,A,1000,"['brute force', 'math']"
833,1155,A,1000,"['implementation', 'sortings', 'strings']"
834,1165,B,1000,"['data structures', 'greedy', 'sortings']"
836,1325,B,800,"['greedy', 'implementation']"
837,1283,A,800,['math']
838,1174,A,1000,"['constructive algorithms', 'greedy', 'sortings']"
840,1177,A,1000,['implementation']
841,1291,A,900,"['greedy', 'math', 'strings']"
842,1253,A,1000,['implementation']
844,1181,B,1500,"['greedy', 'implementation', 'strings']"
846,1433,C,900,"['constructive algorithms', 'greedy']"
847,1181,A,1000,"['greedy', 'math']"
848,1372,A,800,"['constructive algorithms', 'implementation']"
849,1257,B,1000,['math']
850,1256,A,1000,['math']
851,1525,A,800,"['math', 'number theory']"
853,1140,A,1000,['implementation']
854,1141,A,1000,"['implementation', 'math']"
855,1133,A,1000,['implementation']
858,1463,A,1100,"['binary search', 'math']"
861,1100,A,1000,['implementation']
863,1084,A,1000,"['brute force', 'implementation']"
866,1451,B,900,"['dp', 'greedy', 'implementation', 'strings']"
867,1516,A,800,['greedy']
868,1117,B,1000,"['greedy', 'math', 'sortings']"
869,300,A,1100,"['brute force', 'constructive algorithms', 'implementation']"
870,27,A,1200,"['implementation', 'sortings']"
871,630,J,1100,"['math', 'number theory']"
872,315,B,1200,['implementation']
874,1028,B,1200,"['constructive algorithms', 'math']"
875,1042,B,1200,"['bitmasks', 'brute force', 'dp', 'implementation']"
877,1111,A,1000,"['implementation', 'strings']"
878,1092,B,800,['sortings']
879,1107,B,1000,"['math', 'number theory']"
880,1101,A,1000,['math']
881,1090,M,1000,['implementation']
883,1088,B,1000,"['implementation', 'sortings']"
884,1077,B,1000,['greedy']
885,1051,A,1200,"['greedy', 'implementation', 'strings']"
887,1073,A,1000,"['implementation', 'strings']"
888,84,A,900,"['math', 'number theory']"
889,1354,B,1200,"['binary search', 'dp', 'implementation', 'two pointers']"
890,1221,C,1200,"['binary search', 'math']"
895,1073,B,1000,"['implementation', 'math']"
897,1199,B,1000,"['geometry', 'math']"
898,1223,B,1000,['strings']
899,1447,B,1000,"['greedy', 'math']"
900,1405,B,1000,"['constructive algorithms', 'implementation']"
901,1359,B,1000,"['brute force', 'dp', 'greedy', 'implementation', 'two pointers']"
902,1370,B,1100,"['constructive algorithms', 'math', 'number theory']"
904,222,A,1200,"['brute force', 'implementation']"
905,1183,A,800,['implementation']
906,579,A,1000,['bitmasks']
907,1521,A,1000,"['constructive algorithms', 'math', 'number theory']"
908,1182,A,1000,"['dp', 'math']"
909,959,A,800,"['games', 'math']"
910,1080,B,900,['math']
911,1325,A,800,"['constructive algorithms', 'greedy', 'number theory']"
912,1520,D,1200,"['data structures', 'hashing', 'math']"
914,1417,B,1100,"['greedy', 'math', 'sortings']"
916,1417,A,800,"['greedy', 'math']"
919,1520,C,1000,['constructive algorithms']
920,1520,B,800,"['brute force', 'math', 'number theory']"
921,1520,A,800,"['brute force', 'implementation']"
922,1433,B,800,"['greedy', 'implementation']"
923,1426,D,1500,"['constructive algorithms', 'data structures', 'greedy', 'sortings']"
926,1426,C,1100,"['binary search', 'constructive algorithms', 'math']"
927,1426,B,900,['implementation']
928,1426,A,800,"['implementation', 'math']"
929,1059,A,1000,['implementation']
931,1054,B,1000,['implementation']
934,1278,A,1000,"['brute force', 'implementation', 'strings']"
935,686,A,800,"['constructive algorithms', 'implementation']"
936,1139,B,1000,"['greedy', 'implementation']"
937,1326,A,1000,"['constructive algorithms', 'number theory']"
945,350,A,1200,"['brute force', 'greedy', 'implementation']"
946,680,B,1000,"['constructive algorithms', 'implementation']"
947,1519,B,800,"['dp', 'math']"
948,1519,A,800,['math']
949,680,A,800,"['constructive algorithms', 'implementation']"
951,1051,B,1000,"['greedy', 'math', 'number theory']"
952,1041,B,1000,['math']
953,1040,A,1000,['greedy']
957,1036,A,1000,['math']
958,1033,A,1000,"['dfs and similar', 'graphs', 'implementation']"
960,1027,A,1000,"['implementation', 'strings']"
961,1023,B,1000,['math']
962,1020,B,1000,"['brute force', 'dfs and similar', 'graphs']"
963,1466,B,800,"['dp', 'greedy']"
964,1468,N,900,"['greedy', 'implementation']"
965,1020,A,1000,['math']
966,1469,B,1000,"['dp', 'greedy']"
967,1517,A,800,"['greedy', 'math']"
969,1343,A,900,"['brute force', 'math']"
970,1471,A,900,"['greedy', 'math', 'number theory']"
971,664,A,800,"['math', 'number theory']"
972,755,A,800,"['brute force', 'graphs', 'math', 'number theory']"
973,1455,A,800,"['math', 'number theory']"
974,1312,A,800,"['geometry', 'greedy', 'math', 'number theory']"
975,822,A,800,"['implementation', 'math', 'number theory']"
976,1389,A,800,"['constructive algorithms', 'greedy', 'math', 'number theory']"
977,1245,A,1000,"['math', 'number theory']"
979,1243,B1,1000,['strings']
981,1238,A,900,"['math', 'number theory']"
982,1337,A,800,"['constructive algorithms', 'math']"
983,1514,A,800,"['math', 'number theory']"
984,1345,B,1100,"['binary search', 'brute force', 'dp', 'math']"
985,1342,B,1100,"['constructive algorithms', 'strings']"
986,1373,A,1000,"['greedy', 'implementation', 'math']"
987,1342,A,1000,"['greedy', 'math']"
988,454,B,1200,['implementation']
989,218,B,1100,['implementation']
990,1438,B,1000,"['constructive algorithms', 'data structures', 'greedy', 'sortings']"
991,1334,B,1100,"['greedy', 'sortings']"
993,1334,A,1200,"['implementation', 'math']"
995,124,A,1000,['math']
997,456,A,1100,['sortings']
998,1327,A,1100,['math']
1000,408,B,1200,['implementation']
1001,1425,A,1400,"['games', 'greedy']"
1002,330,A,800,"['brute force', 'implementation']"
1006,935,A,800,"['brute force', 'implementation']"
1007,219,A,1000,"['implementation', 'strings']"
1009,363,A,800,['implementation']
1010,1472,D,1200,"['dp', 'games', 'greedy', 'sortings']"
1011,1473,B,1000,"['brute force', 'math', 'number theory', 'strings']"
1012,14,B,1000,['implementation']
1014,1333,B,1100,"['greedy', 'implementation']"
1015,1509,B,1100,['greedy']
1016,1509,A,800,['constructive algorithms']
1017,492,A,800,['implementation']
1018,1097,A,800,"['brute force', 'implementation']"
1020,160,B,1100,"['greedy', 'sortings']"
1023,1333,A,1000,['constructive algorithms']
1024,1332,A,1100,"['greedy', 'implementation', 'math']"
1025,1369,A,800,"['geometry', 'math']"
1026,1385,A,800,['math']
1027,478,B,1300,"['combinatorics', 'constructive algorithms', 'greedy', 'math']"
1029,1294,A,800,['math']
1030,1311,A,800,"['greedy', 'implementation', 'math']"
1031,431,A,800,['implementation']
1032,707,A,800,['implementation']
1033,1358,A,800,"['greedy', 'math']"
1034,509,A,800,"['brute force', 'implementation']"
1035,1433,A,800,"['implementation', 'math']"
1036,1385,B,800,['greedy']
1037,1353,A,800,"['constructive algorithms', 'greedy', 'math']"
1039,1348,A,800,"['greedy', 'math']"
1041,467,B,1100,"['bitmasks', 'brute force', 'constructive algorithms', 'implementation']"
1042,749,A,800,"['greedy', 'implementation', 'math', 'number theory']"
1043,703,A,800,['implementation']
1044,298,B,1200,"['brute force', 'greedy', 'implementation']"
1045,1430,A,900,"['brute force', 'constructive algorithms', 'math']"
1047,133,B,1200,['implementation']
1049,330,B,1300,"['constructive algorithms', 'graphs']"
1050,318,A,900,['math']
1051,199,A,900,"['brute force', 'constructive algorithms', 'implementation', 'number theory']"
1053,1367,B,800,"['greedy', 'math']"
1055,259,B,1100,"['brute force', 'implementation']"
1056,259,A,1000,"['brute force', 'strings']"
1057,1498,A,800,"['brute force', 'math']"
1059,1452,C,800,['greedy']
1061,1360,C,1100,"['constructive algorithms', 'graph matchings', 'greedy', 'sortings']"
1062,1360,A,800,"['greedy', 'math']"
1063,58,A,1000,"['greedy', 'strings']"
1064,58,B,1300,['greedy']
1068,268,B,1000,"['implementation', 'math']"
1070,1392,A,800,"['greedy', 'math']"
1071,1392,B,800,"['implementation', 'math']"
1072,1392,C,1200,"['greedy', 'implementation']"
1073,1399,B,800,['greedy']
1074,139,A,1000,['implementation']
1077,131,A,1000,"['implementation', 'strings']"
1079,1511,C,1100,"['brute force', 'data structures', 'implementation', 'trees']"
1081,1511,B,1100,"['constructive algorithms', 'math', 'number theory']"
1082,1511,A,800,['greedy']
1083,490,A,800,"['greedy', 'implementation', 'sortings']"
1084,1474,A,800,['greedy']
1088,272,A,1000,"['implementation', 'math']"
1090,53,C,1200,['constructive algorithms']
1091,365,B,1100,['implementation']
1092,265,B,1000,"['greedy', 'implementation']"
1093,447,B,1000,"['greedy', 'implementation']"
1095,451,B,1300,"['implementation', 'sortings']"
1097,967,B,1000,"['math', 'sortings']"
1098,1513,A,800,"['constructive algorithms', 'implementation']"
1104,1512,D,1200,"['constructive algorithms', 'data structures', 'greedy']"
1106,1512,C,1200,"['constructive algorithms', 'implementation', 'strings']"
1107,1512,B,800,['implementation']
1108,1512,A,800,"['brute force', 'implementation']"
1109,69,A,1000,"['implementation', 'math']"
1110,233,A,800,"['implementation', 'math']"
1111,1343,B,800,"['constructive algorithms', 'math']"
1112,472,A,800,"['math', 'number theory']"
1113,133,A,900,['implementation']
1114,1065,B,1300,"['constructive algorithms', 'graphs']"
1117,939,A,800,['graphs']
1118,1237,A,1000,"['implementation', 'math']"
1119,483,A,1100,"['brute force', 'implementation', 'math', 'number theory']"
1122,1454,B,800,['implementation']
1123,1300,C,1500,"['greedy', 'math']"
1124,1300,B,1000,"['greedy', 'implementation', 'sortings']"
1125,102697,014,,[]
1126,102697,013,,[]
1127,102697,012,,[]
1129,102697,011,,[]
1130,102697,006,,[]
1131,102697,010,,[]
1132,102697,009,,[]
1133,102697,005,,[]
1134,102697,004,,[]
1135,102697,003,,[]
1136,102697,002,,[]
1137,102697,001,,[]
1138,1300,A,800,"['implementation', 'math']"
1140,96,A,900,"['implementation', 'strings']"
1141,1066,A,1100,['math']
1143,381,A,800,"['greedy', 'implementation', 'two pointers']"
1146,102783,D,,[]
1148,102783,C,,[]
1149,102783,B,,[]
1151,102783,A,,[]
1152,1248,B,900,"['greedy', 'math', 'sortings']"
1153,1248,A,1000,"['geometry', 'math']"
1154,1335,C,1100,"['binary search', 'greedy', 'implementation', 'sortings']"
1157,1335,B,900,['constructive algorithms']
1158,1335,A,800,['math']
1159,1462,C,900,"['brute force', 'greedy', 'math']"
1162,1510,K,1200,"['brute force', 'graphs', 'implementation']"
1167,1510,B,2600,"['flows', 'graph matchings', 'graphs']"
1172,1504,A,800,"['constructive algorithms', 'strings']"
1173,1505,B,1600,"['*special', 'implementation', 'number theory']"
1175,1505,C,1400,"['*special', 'implementation']"
1178,1505,A,900,"['*special', 'implementation', 'interactive']"
1182,103029,B,,[]
1183,103029,A,,[]
1185,1506,B,1100,"['greedy', 'implementation']"
1187,1506,A,800,['math']
1188,1475,A,900,"['math', 'number theory']"
1190,1475,B,900,"['brute force', 'dp', 'math']"
1191,1476,A,1000,"['binary search', 'constructive algorithms', 'greedy', 'math']"
1192,1484,C,1600,"['combinatorics', 'flows', 'greedy', 'implementation']"
1197,1484,A,800,['constructive algorithms']
1199,1478,A,800,"['brute force', 'greedy']"
1200,1478,B,1100,"['brute force', 'dp', 'greedy', 'math']"
1202,1499,B,1000,"['brute force', 'dp', 'greedy', 'implementation']"
1207,1499,A,800,"['combinatorics', 'constructive algorithms', 'math']"
1208,1360,B,800,"['greedy', 'sortings']"
1209,151,A,800,"['implementation', 'math']"
1210,630,A,800,['number theory']
1211,1296,A,800,['math']
1212,1370,A,800,"['greedy', 'implementation', 'math', 'number theory']"
1213,1480,B,900,"['greedy', 'implementation', 'sortings']"
1215,1331,D,,"['*special', 'implementation']"
1216,1497,C2,1600,"['constructive algorithms', 'math']"
1217,1497,C1,1200,"['constructive algorithms', 'math']"
1219,1497,B,1200,"['constructive algorithms', 'greedy', 'math']"
1224,1497,A,800,"['brute force', 'data structures', 'greedy', 'sortings']"
1225,1409,B,1100,"['brute force', 'greedy', 'math']"
1226,1388,B,1000,"['greedy', 'math']"
1227,1388,A,800,"['brute force', 'greedy', 'math', 'number theory']"
1229,1501,B,900,"['dp', 'implementation', 'sortings']"
1233,1501,A,800,['implementation']
1235,1496,C,1200,"['geometry', 'greedy', 'sortings']"
1236,1496,A,900,"['brute force', 'constructive algorithms', 'greedy', 'strings']"
1238,1496,B,1100,['math']
1244,14,A,800,['implementation']
1245,1353,C,1000,['math']
1246,1462,B,800,"['dp', 'implementation', 'strings']"
1248,208,A,900,['strings']
1249,1374,A,800,['math']
1250,1493,B,1300,"['brute force', 'implementation']"
1252,1493,A,800,"['constructive algorithms', 'greedy']"
1253,1374,C,1000,"['greedy', 'strings']"
1254,1473,A,800,"['greedy', 'implementation', 'math', 'sortings']"
1257,1494,A,900,"['bitmasks', 'brute force', 'implementation']"
1260,1353,B,800,"['greedy', 'sortings']"
1261,1368,A,800,"['brute force', 'greedy', 'implementation', 'math']"
1262,489,B,1200,"['dfs and similar', 'dp', 'graph matchings', 'greedy', 'sortings', 'two pointers']"
1264,656,A,1900,['*special']
1265,1491,B,1200,"['brute force', 'math']"
1266,1491,A,800,"['brute force', 'greedy', 'implementation']"
1267,1418,A,1000,['math']
1269,432,A,800,"['greedy', 'implementation', 'sortings']"
1270,758,A,800,"['implementation', 'math']"
1271,723,A,800,"['implementation', 'math', 'sortings']"
1273,581,A,800,"['implementation', 'math']"
1277,427,A,800,['implementation']
1278,1367,A,800,"['implementation', 'strings']"
1279,732,A,800,"['brute force', 'constructive algorithms', 'implementation', 'math']"
1281,1154,A,800,['math']
1282,1409,A,800,"['greedy', 'math']"
1283,155,A,800,['brute force']
1284,1399,A,800,"['greedy', 'sortings']"
1285,750,A,800,"['binary search', 'brute force', 'implementation', 'math']"
1286,706,B,1100,"['binary search', 'dp', 'implementation']"
1287,1492,B,1100,"['data structures', 'greedy', 'math']"
1288,1492,C,1500,"['binary search', 'data structures', 'dp', 'greedy', 'two pointers']"
1290,1492,A,800,['math']
1292,1352,A,800,"['implementation', 'math']"
1293,510,A,800,['implementation']
1294,141,A,800,"['implementation', 'sortings', 'strings']"
1295,996,A,800,"['dp', 'greedy']"
1296,785,A,800,"['implementation', 'strings']"
1299,1371,A,800,['math']
1300,1454,A,800,"['constructive algorithms', 'probabilities']"
1301,1186,A,800,['implementation']
1302,520,A,800,"['implementation', 'strings']"
1303,268,A,800,['brute force']
1304,1328,A,800,['math']
1305,443,A,800,"['constructive algorithms', 'implementation']"
1306,144,A,800,['implementation']
1307,228,A,800,['implementation']
1308,148,A,800,"['constructive algorithms', 'implementation', 'math']"
1309,469,A,800,"['greedy', 'implementation']"
1312,200,B,800,"['implementation', 'math']"
1313,61,A,800,['implementation']
1314,486,A,800,"['implementation', 'math']"
1315,705,A,800,['implementation']
1316,1030,A,800,['implementation']
1317,344,A,800,['implementation']
1318,136,A,800,['implementation']
1319,677,A,800,['implementation']
1320,467,A,800,['implementation']
1321,271,A,800,['brute force']
1322,734,A,800,"['implementation', 'strings']"
1323,41,A,800,"['implementation', 'strings']"
1324,110,A,800,['implementation']
1325,266,B,800,"['constructive algorithms', 'graph matchings', 'implementation', 'shortest paths']"
1326,1469,A,1000,"['constructive algorithms', 'greedy']"
1327,1472,B,800,"['dp', 'greedy', 'math']"
1329,1472,A,800,"['greedy', 'math']"
1330,1486,A,900,"['greedy', 'implementation']"
1339,59,A,800,"['implementation', 'strings']"
1340,617,A,800,['math']
1341,116,A,800,['implementation']
1343,1481,A,800,"['greedy', 'strings']"
1344,1490,C,1100,"['binary search', 'brute force', 'brute force', 'math']"
1347,1490,B,1000,"['brute force', 'constructive algorithms', 'math']"
1348,1490,A,800,"['greedy', 'math']"
1349,1450,A,800,"['constructive algorithms', 'sortings']"
1350,1487,B,1200,"['math', 'number theory']"
1351,1487,A,800,"['implementation', 'sortings']"
1354,977,A,800,['implementation']
1355,791,A,800,['implementation']
1356,546,A,800,"['brute force', 'implementation', 'math']"
1357,236,A,800,"['brute force', 'implementation', 'strings']"
1358,266,A,800,['implementation']
1359,281,A,800,"['implementation', 'strings']"
1360,339,A,800,"['greedy', 'implementation', 'sortings', 'strings']"
1361,263,A,800,['implementation']
1362,112,A,800,"['implementation', 'strings']"
1363,282,A,800,['implementation']
1365,50,A,800,"['greedy', 'math']"
1366,158,A,800,"['*special', 'implementation']"
1369,1485,A,1000,"['brute force', 'greedy', 'math', 'number theory']"
1371,1485,C,1700,"['binary search', 'brute force', 'math', 'number theory']"
1373,1462,A,800,"['implementation', 'two pointers']"
1383,1480,A,800,"['games', 'greedy', 'strings']"
1384,1481,B,1100,"['brute force', 'greedy', 'implementation']"
1392,231,A,800,"['brute force', 'greedy']"
1393,71,A,800,['strings']
1397,4,A,800,"['brute force', 'math']"
